0|2017-04-23
0|2017-04-24
0|2017-04-25
1|2017-04-23
1|2017-04-24
1|2017-04-25
2|2017-04-23
2|2017-04-24
2|2017-04-25
3|2017-04-23
3|2017-04-24
3|2017-04-25
4|2017-04-23
4|2017-04-24
4|2017-04-25
5|2017-04-23
5|2017-04-24
5|2017-04-25
6|2017-04-23
6|2017-04-24
6|2017-04-25
7|2017-04-23
7|2017-04-24
7|2017-04-25
8|2017-04-23
8|2017-04-24
8|2017-04-25
9|2017-04-23
9|2017-04-24
9|2017-04-25
10|2017-04-23
10|2017-04-24
10|2017-04-25
11|2017-04-23
11|2017-04-24
11|2017-04-25
12|2017-04-23
12|2017-04-24
12|2017-04-25
13|2017-04-23
13|2017-04-24
13|2017-04-25
14|2017-04-23
14|2017-04-24
14|2017-04-25
15|2017-04-23
15|2017-04-24
15|2017-04-25
16|2017-04-23
16|2017-04-24
16|2017-04-25
17|2017-04-23
17|2017-04-24
17|2017-04-25
18|2017-04-23
18|2017-04-24
18|2017-04-25
19|2017-04-23
19|2017-04-24
19|2017-04-25
20|2017-04-23
20|2017-04-24
20|2017-04-25
21|2017-04-23
21|2017-04-24
21|2017-04-25
22|2017-04-23
22|2017-04-24
22|2017-04-25
23|2017-04-23
23|2017-04-24
23|2017-04-25
24|2017-04-23
24|2017-04-24
24|2017-04-25
25|2017-04-23
25|2017-04-24
25|2017-04-25
26|2017-04-23
26|2017-04-24
26|2017-04-25
27|2017-04-23
27|2017-04-24
27|2017-04-25
28|2017-04-23
28|2017-04-24
28|2017-04-25
29|2017-04-23
29|2017-04-24
29|2017-04-25
30|2017-04-23
30|2017-04-24
30|2017-04-25
31|2017-04-23
31|2017-04-24
31|2017-04-25
32|2017-04-23
32|2017-04-24
32|2017-04-25
33|2017-04-23
33|2017-04-24
33|2017-04-25
34|2017-04-23
34|2017-04-24
34|2017-04-25
35|2017-04-23
35|2017-04-24
35|2017-04-25
36|2017-04-23
36|2017-04-24
36|2017-04-25
37|2017-04-23
37|2017-04-24
37|2017-04-25
38|2017-04-23
38|2017-04-24
38|2017-04-25
39|2017-04-23
39|2017-04-24
39|2017-04-25
40|2017-04-23
40|2017-04-24
40|2017-04-25
41|2017-04-23
41|2017-04-24
41|2017-04-25
42|2017-04-23
42|2017-04-24
42|2017-04-25
43|2017-04-23
43|2017-04-24
43|2017-04-25
44|2017-04-23
44|2017-04-24
44|2017-04-25
45|2017-04-23
45|2017-04-24
45|2017-04-25
46|2017-04-23
46|2017-04-24
46|2017-04-25
47|2017-04-23
47|2017-04-24
47|2017-04-25
48|2017-04-23
48|2017-04-24
48|2017-04-25
49|2017-04-23
49|2017-04-24
49|2017-04-25
50|2017-04-23
50|2017-04-24
50|2017-04-25
51|2017-04-23
51|2017-04-24
51|2017-04-25
52|2017-04-23
52|2017-04-24
52|2017-04-25
53|2017-04-23
53|2017-04-24
53|2017-04-25
54|2017-04-23
54|2017-04-24
54|2017-04-25
55|2017-04-23
55|2017-04-24
55|2017-04-25
56|2017-04-23
56|2017-04-24
56|2017-04-25
57|2017-04-23
57|2017-04-24
57|2017-04-25
58|2017-04-23
58|2017-04-24
58|2017-04-25
59|2017-04-23
59|2017-04-24
59|2017-04-25
60|2017-04-23
60|2017-04-24
60|2017-04-25
61|2017-04-23
61|2017-04-24
61|2017-04-25
62|2017-04-23
62|2017-04-24
62|2017-04-25
63|2017-04-23
63|2017-04-24
63|2017-04-25
64|2017-04-23
64|2017-04-24
64|2017-04-25
65|2017-04-23
65|2017-04-24
65|2017-04-25
66|2017-04-23
66|2017-04-24
66|2017-04-25
67|2017-04-23
67|2017-04-24
67|2017-04-25
68|2017-04-23
68|2017-04-24
68|2017-04-25
69|2017-04-23
69|2017-04-24
69|2017-04-25
70|2017-04-23
70|2017-04-24
70|2017-04-25
71|2017-04-23
71|2017-04-24
71|2017-04-25
72|2017-04-23
72|2017-04-24
72|2017-04-25
73|2017-04-23
73|2017-04-24
73|2017-04-25
74|2017-04-23
74|2017-04-24
74|2017-04-25
75|2017-04-23
75|2017-04-24
75|2017-04-25
76|2017-04-23
76|2017-04-24
76|2017-04-25
77|2017-04-23
77|2017-04-24
77|2017-04-25
78|2017-04-23
78|2017-04-24
78|2017-04-25
79|2017-04-23
79|2017-04-24
79|2017-04-25
80|2017-04-23
80|2017-04-24
80|2017-04-25
81|2017-04-23
81|2017-04-24
81|2017-04-25
82|2017-04-23
82|2017-04-24
82|2017-04-25
83|2017-04-23
83|2017-04-24
83|2017-04-25
84|2017-04-23
84|2017-04-24
84|2017-04-25
85|2017-04-23
85|2017-04-24
85|2017-04-25
86|2017-04-23
86|2017-04-24
86|2017-04-25
87|2017-04-23
87|2017-04-24
87|2017-04-25
88|2017-04-23
88|2017-04-24
88|2017-04-25
89|2017-04-23
89|2017-04-24
89|2017-04-25
90|2017-04-23
90|2017-04-24
90|2017-04-25
91|2017-04-23
91|2017-04-24
91|2017-04-25
92|2017-04-23
92|2017-04-24
92|2017-04-25
93|2017-04-23
93|2017-04-24
93|2017-04-25
94|2017-04-23
94|2017-04-24
94|2017-04-25
95|2017-04-23
95|2017-04-24
95|2017-04-25
96|2017-04-23
96|2017-04-24
96|2017-04-25
97|2017-04-23
97|2017-04-24
97|2017-04-25
98|2017-04-23
98|2017-04-24
98|2017-04-25
99|2017-04-23
99|2017-04-24
99|2017-04-25
100|2017-04-23
100|2017-04-24
100|2017-04-25
101|2017-04-23
101|2017-04-24
101|2017-04-25
102|2017-04-23
102|2017-04-24
102|2017-04-25
103|2017-04-23
103|2017-04-24
103|2017-04-25
104|2017-04-23
104|2017-04-24
104|2017-04-25
105|2017-04-23
105|2017-04-24
105|2017-04-25
106|2017-04-23
106|2017-04-24
106|2017-04-25
107|2017-04-23
107|2017-04-24
107|2017-04-25
108|2017-04-23
108|2017-04-24
108|2017-04-25
109|2017-04-23
109|2017-04-24
109|2017-04-25
110|2017-04-23
110|2017-04-24
110|2017-04-25
111|2017-04-23
111|2017-04-24
111|2017-04-25
112|2017-04-23
112|2017-04-24
112|2017-04-25
113|2017-04-23
113|2017-04-24
113|2017-04-25
114|2017-04-23
114|2017-04-24
114|2017-04-25
115|2017-04-23
115|2017-04-24
115|2017-04-25
116|2017-04-23
116|2017-04-24
116|2017-04-25
117|2017-04-23
117|2017-04-24
117|2017-04-25
118|2017-04-23
118|2017-04-24
118|2017-04-25
119|2017-04-23
119|2017-04-24
119|2017-04-25
120|2017-04-23
120|2017-04-24
120|2017-04-25
121|2017-04-23
121|2017-04-24
121|2017-04-25
122|2017-04-23
122|2017-04-24
122|2017-04-25
123|2017-04-23
123|2017-04-24
123|2017-04-25
124|2017-04-23
124|2017-04-24
124|2017-04-25
125|2017-04-23
125|2017-04-24
125|2017-04-25
126|2017-04-23
126|2017-04-24
126|2017-04-25
127|2017-04-23
127|2017-04-24
127|2017-04-25
128|2017-04-23
128|2017-04-24
128|2017-04-25
129|2017-04-23
129|2017-04-24
129|2017-04-25
130|2017-04-23
130|2017-04-24
130|2017-04-25
131|2017-04-23
131|2017-04-24
131|2017-04-25
132|2017-04-23
132|2017-04-24
132|2017-04-25
133|2017-04-23
133|2017-04-24
133|2017-04-25
134|2017-04-23
134|2017-04-24
134|2017-04-25
135|2017-04-23
135|2017-04-24
135|2017-04-25
136|2017-04-23
136|2017-04-24
136|2017-04-25
137|2017-04-23
137|2017-04-24
137|2017-04-25
138|2017-04-23
138|2017-04-24
138|2017-04-25
139|2017-04-23
139|2017-04-24
139|2017-04-25
140|2017-04-23
140|2017-04-24
140|2017-04-25
141|2017-04-23
141|2017-04-24
141|2017-04-25
142|2017-04-23
142|2017-04-24
142|2017-04-25
143|2017-04-23
143|2017-04-24
143|2017-04-25
144|2017-04-23
144|2017-04-24
144|2017-04-25
145|2017-04-23
145|2017-04-24
145|2017-04-25
146|2017-04-23
146|2017-04-24
146|2017-04-25
147|2017-04-23
147|2017-04-24
147|2017-04-25
148|2017-04-23
148|2017-04-24
148|2017-04-25
149|2017-04-23
149|2017-04-24
149|2017-04-25
150|2017-04-23
150|2017-04-24
150|2017-04-25
151|2017-04-23
151|2017-04-24
151|2017-04-25
152|2017-04-23
152|2017-04-24
152|2017-04-25
153|2017-04-23
153|2017-04-24
153|2017-04-25
154|2017-04-23
154|2017-04-24
154|2017-04-25
155|2017-04-23
155|2017-04-24
155|2017-04-25
156|2017-04-23
156|2017-04-24
156|2017-04-25
157|2017-04-23
157|2017-04-24
157|2017-04-25
158|2017-04-23
158|2017-04-24
158|2017-04-25
159|2017-04-23
159|2017-04-24
159|2017-04-25
160|2017-04-23
160|2017-04-24
160|2017-04-25
161|2017-04-23
161|2017-04-24
161|2017-04-25
162|2017-04-23
162|2017-04-24
162|2017-04-25
163|2017-04-23
163|2017-04-24
163|2017-04-25
164|2017-04-23
164|2017-04-24
164|2017-04-25
165|2017-04-23
165|2017-04-24
165|2017-04-25
166|2017-04-23
166|2017-04-24
166|2017-04-25
167|2017-04-23
167|2017-04-24
167|2017-04-25
168|2017-04-23
168|2017-04-24
168|2017-04-25
169|2017-04-23
169|2017-04-24
169|2017-04-25
170|2017-04-23
170|2017-04-24
170|2017-04-25
171|2017-04-23
171|2017-04-24
171|2017-04-25
172|2017-04-23
172|2017-04-24
172|2017-04-25
173|2017-04-23
173|2017-04-24
173|2017-04-25
174|2017-04-23
174|2017-04-24
174|2017-04-25
175|2017-04-23
175|2017-04-24
175|2017-04-25
176|2017-04-23
176|2017-04-24
176|2017-04-25
177|2017-04-23
177|2017-04-24
177|2017-04-25
178|2017-04-23
178|2017-04-24
178|2017-04-25
179|2017-04-23
179|2017-04-24
179|2017-04-25
180|2017-04-23
180|2017-04-24
180|2017-04-25
181|2017-04-23
181|2017-04-24
181|2017-04-25
182|2017-04-23
182|2017-04-24
182|2017-04-25
183|2017-04-23
183|2017-04-24
183|2017-04-25
184|2017-04-23
184|2017-04-24
184|2017-04-25
185|2017-04-23
185|2017-04-24
185|2017-04-25
186|2017-04-23
186|2017-04-24
186|2017-04-25
187|2017-04-23
187|2017-04-24
187|2017-04-25
188|2017-04-23
188|2017-04-24
188|2017-04-25
189|2017-04-23
189|2017-04-24
189|2017-04-25
190|2017-04-23
190|2017-04-24
190|2017-04-25
191|2017-04-23
191|2017-04-24
191|2017-04-25
192|2017-04-23
192|2017-04-24
192|2017-04-25
193|2017-04-23
193|2017-04-24
193|2017-04-25
194|2017-04-23
194|2017-04-24
194|2017-04-25
195|2017-04-23
195|2017-04-24
195|2017-04-25
196|2017-04-23
196|2017-04-24
196|2017-04-25
197|2017-04-23
197|2017-04-24
197|2017-04-25
198|2017-04-23
198|2017-04-24
198|2017-04-25
199|2017-04-23
199|2017-04-24
199|2017-04-25
200|2017-04-23
200|2017-04-24
200|2017-04-25
201|2017-04-23
201|2017-04-24
201|2017-04-25
202|2017-04-23
202|2017-04-24
202|2017-04-25
203|2017-04-23
203|2017-04-24
203|2017-04-25
204|2017-04-23
204|2017-04-24
204|2017-04-25
205|2017-04-23
205|2017-04-24
205|2017-04-25
206|2017-04-23
206|2017-04-24
206|2017-04-25
207|2017-04-23
207|2017-04-24
207|2017-04-25
208|2017-04-23
208|2017-04-24
208|2017-04-25
209|2017-04-23
209|2017-04-24
209|2017-04-25
210|2017-04-23
210|2017-04-24
210|2017-04-25
211|2017-04-23
211|2017-04-24
211|2017-04-25
212|2017-04-23
212|2017-04-24
212|2017-04-25
213|2017-04-23
213|2017-04-24
213|2017-04-25
214|2017-04-23
214|2017-04-24
214|2017-04-25
215|2017-04-23
215|2017-04-24
215|2017-04-25
216|2017-04-23
216|2017-04-24
216|2017-04-25
217|2017-04-23
217|2017-04-24
217|2017-04-25
218|2017-04-23
218|2017-04-24
218|2017-04-25
219|2017-04-23
219|2017-04-24
219|2017-04-25
220|2017-04-23
220|2017-04-24
220|2017-04-25
221|2017-04-23
221|2017-04-24
221|2017-04-25
222|2017-04-23
222|2017-04-24
222|2017-04-25
223|2017-04-23
223|2017-04-24
223|2017-04-25
224|2017-04-23
224|2017-04-24
224|2017-04-25
225|2017-04-23
225|2017-04-24
225|2017-04-25
226|2017-04-23
226|2017-04-24
226|2017-04-25
227|2017-04-23
227|2017-04-24
227|2017-04-25
228|2017-04-23
228|2017-04-24
228|2017-04-25
229|2017-04-23
229|2017-04-24
229|2017-04-25
230|2017-04-23
230|2017-04-24
230|2017-04-25
231|2017-04-23
231|2017-04-24
231|2017-04-25
232|2017-04-23
232|2017-04-24
232|2017-04-25
233|2017-04-23
233|2017-04-24
233|2017-04-25
234|2017-04-23
234|2017-04-24
234|2017-04-25
235|2017-04-23
235|2017-04-24
235|2017-04-25
236|2017-04-23
236|2017-04-24
236|2017-04-25
237|2017-04-23
237|2017-04-24
237|2017-04-25
238|2017-04-23
238|2017-04-24
238|2017-04-25
239|2017-04-23
239|2017-04-24
239|2017-04-25
240|2017-04-23
240|2017-04-24
240|2017-04-25
241|2017-04-23
241|2017-04-24
241|2017-04-25
242|2017-04-23
242|2017-04-24
242|2017-04-25
243|2017-04-23
243|2017-04-24
243|2017-04-25
244|2017-04-23
244|2017-04-24
244|2017-04-25
245|2017-04-23
245|2017-04-24
245|2017-04-25
246|2017-04-23
246|2017-04-24
246|2017-04-25
247|2017-04-23
247|2017-04-24
247|2017-04-25
248|2017-04-23
248|2017-04-24
248|2017-04-25
249|2017-04-23
249|2017-04-24
249|2017-04-25
250|2017-04-23
250|2017-04-24
250|2017-04-25
251|2017-04-23
251|2017-04-24
251|2017-04-25
252|2017-04-23
252|2017-04-24
252|2017-04-25
253|2017-04-23
253|2017-04-24
253|2017-04-25
254|2017-04-23
254|2017-04-24
254|2017-04-25
255|2017-04-23
255|2017-04-24
255|2017-04-25
256|2017-04-23
256|2017-04-24
256|2017-04-25
257|2017-04-23
257|2017-04-24
257|2017-04-25
258|2017-04-23
258|2017-04-24
258|2017-04-25
259|2017-04-23
259|2017-04-24
259|2017-04-25
260|2017-04-23
260|2017-04-24
260|2017-04-25
261|2017-04-23
261|2017-04-24
261|2017-04-25
262|2017-04-23
262|2017-04-24
262|2017-04-25
263|2017-04-23
263|2017-04-24
263|2017-04-25
264|2017-04-23
264|2017-04-24
264|2017-04-25
265|2017-04-23
265|2017-04-24
265|2017-04-25
266|2017-04-23
266|2017-04-24
266|2017-04-25
267|2017-04-23
267|2017-04-24
267|2017-04-25
268|2017-04-23
268|2017-04-24
268|2017-04-25
269|2017-04-23
269|2017-04-24
269|2017-04-25
270|2017-04-23
270|2017-04-24
270|2017-04-25
271|2017-04-23
271|2017-04-24
271|2017-04-25
272|2017-04-23
272|2017-04-24
272|2017-04-25
273|2017-04-23
273|2017-04-24
273|2017-04-25
274|2017-04-23
274|2017-04-24
274|2017-04-25
275|2017-04-23
275|2017-04-24
275|2017-04-25
276|2017-04-23
276|2017-04-24
276|2017-04-25
277|2017-04-23
277|2017-04-24
277|2017-04-25
278|2017-04-23
278|2017-04-24
278|2017-04-25
279|2017-04-23
279|2017-04-24
279|2017-04-25
280|2017-04-23
280|2017-04-24
280|2017-04-25
281|2017-04-23
281|2017-04-24
281|2017-04-25
282|2017-04-23
282|2017-04-24
282|2017-04-25
283|2017-04-23
283|2017-04-24
283|2017-04-25
284|2017-04-23
284|2017-04-24
284|2017-04-25
285|2017-04-23
285|2017-04-24
285|2017-04-25
286|2017-04-23
286|2017-04-24
286|2017-04-25
287|2017-04-23
287|2017-04-24
287|2017-04-25
288|2017-04-23
288|2017-04-24
288|2017-04-25
289|2017-04-23
289|2017-04-24
289|2017-04-25
290|2017-04-23
290|2017-04-24
290|2017-04-25
291|2017-04-23
291|2017-04-24
291|2017-04-25
292|2017-04-23
292|2017-04-24
292|2017-04-25
293|2017-04-23
293|2017-04-24
293|2017-04-25
294|2017-04-23
294|2017-04-24
294|2017-04-25
295|2017-04-23
295|2017-04-24
295|2017-04-25
296|2017-04-23
296|2017-04-24
296|2017-04-25
297|2017-04-23
297|2017-04-24
297|2017-04-25
298|2017-04-23
298|2017-04-24
298|2017-04-25
299|2017-04-23
299|2017-04-24
299|2017-04-25
300|2017-04-23
300|2017-04-24
300|2017-04-25
301|2017-04-23
301|2017-04-24
301|2017-04-25
302|2017-04-23
302|2017-04-24
302|2017-04-25
303|2017-04-23
303|2017-04-24
303|2017-04-25
304|2017-04-23
304|2017-04-24
304|2017-04-25
305|2017-04-23
305|2017-04-24
305|2017-04-25
306|2017-04-23
306|2017-04-24
306|2017-04-25
307|2017-04-23
307|2017-04-24
307|2017-04-25
308|2017-04-23
308|2017-04-24
308|2017-04-25
309|2017-04-23
309|2017-04-24
309|2017-04-25
310|2017-04-23
310|2017-04-24
310|2017-04-25
311|2017-04-23
311|2017-04-24
311|2017-04-25
312|2017-04-23
312|2017-04-24
312|2017-04-25
313|2017-04-23
313|2017-04-24
313|2017-04-25
314|2017-04-23
314|2017-04-24
314|2017-04-25
315|2017-04-23
315|2017-04-24
315|2017-04-25
316|2017-04-23
316|2017-04-24
316|2017-04-25
317|2017-04-23
317|2017-04-24
317|2017-04-25
318|2017-04-23
318|2017-04-24
318|2017-04-25
319|2017-04-23
319|2017-04-24
319|2017-04-25
320|2017-04-23
320|2017-04-24
320|2017-04-25
321|2017-04-23
321|2017-04-24
321|2017-04-25
322|2017-04-23
322|2017-04-24
322|2017-04-25
323|2017-04-23
323|2017-04-24
323|2017-04-25
324|2017-04-23
324|2017-04-24
324|2017-04-25
325|2017-04-23
325|2017-04-24
325|2017-04-25
326|2017-04-23
326|2017-04-24
326|2017-04-25
327|2017-04-23
327|2017-04-24
327|2017-04-25
328|2017-04-23
328|2017-04-24
328|2017-04-25
329|2017-04-23
329|2017-04-24
329|2017-04-25
330|2017-04-23
330|2017-04-24
330|2017-04-25
331|2017-04-23
331|2017-04-24
331|2017-04-25
332|2017-04-23
332|2017-04-24
332|2017-04-25
333|2017-04-23
333|2017-04-24
333|2017-04-25
334|2017-04-23
334|2017-04-24
334|2017-04-25
335|2017-04-23
335|2017-04-24
335|2017-04-25
336|2017-04-23
336|2017-04-24
336|2017-04-25
337|2017-04-23
337|2017-04-24
337|2017-04-25
338|2017-04-23
338|2017-04-24
338|2017-04-25
339|2017-04-23
339|2017-04-24
339|2017-04-25
340|2017-04-23
340|2017-04-24
340|2017-04-25
341|2017-04-23
341|2017-04-24
341|2017-04-25
342|2017-04-23
342|2017-04-24
342|2017-04-25
343|2017-04-23
343|2017-04-24
343|2017-04-25
344|2017-04-23
344|2017-04-24
344|2017-04-25
345|2017-04-23
345|2017-04-24
345|2017-04-25
346|2017-04-23
346|2017-04-24
346|2017-04-25
347|2017-04-23
347|2017-04-24
347|2017-04-25
348|2017-04-23
348|2017-04-24
348|2017-04-25
349|2017-04-23
349|2017-04-24
349|2017-04-25
350|2017-04-23
350|2017-04-24
350|2017-04-25
351|2017-04-23
351|2017-04-24
351|2017-04-25
352|2017-04-23
352|2017-04-24
352|2017-04-25
353|2017-04-23
353|2017-04-24
353|2017-04-25
354|2017-04-23
354|2017-04-24
354|2017-04-25
355|2017-04-23
355|2017-04-24
355|2017-04-25
356|2017-04-23
356|2017-04-24
356|2017-04-25
357|2017-04-23
357|2017-04-24
357|2017-04-25
358|2017-04-23
358|2017-04-24
358|2017-04-25
359|2017-04-23
359|2017-04-24
359|2017-04-25
360|2017-04-23
360|2017-04-24
360|2017-04-25
361|2017-04-23
361|2017-04-24
361|2017-04-25
362|2017-04-23
362|2017-04-24
362|2017-04-25
363|2017-04-23
363|2017-04-24
363|2017-04-25
364|2017-04-23
364|2017-04-24
364|2017-04-25
365|2017-04-23
365|2017-04-24
365|2017-04-25
366|2017-04-23
366|2017-04-24
366|2017-04-25
367|2017-04-23
367|2017-04-24
367|2017-04-25
368|2017-04-23
368|2017-04-24
368|2017-04-25
369|2017-04-23
369|2017-04-24
369|2017-04-25
370|2017-04-23
370|2017-04-24
370|2017-04-25
371|2017-04-23
371|2017-04-24
371|2017-04-25
372|2017-04-23
372|2017-04-24
372|2017-04-25
373|2017-04-23
373|2017-04-24
373|2017-04-25
374|2017-04-23
374|2017-04-24
374|2017-04-25
375|2017-04-23
375|2017-04-24
375|2017-04-25
376|2017-04-23
376|2017-04-24
376|2017-04-25
377|2017-04-23
377|2017-04-24
377|2017-04-25
378|2017-04-23
378|2017-04-24
378|2017-04-25
379|2017-04-23
379|2017-04-24
379|2017-04-25
380|2017-04-23
380|2017-04-24
380|2017-04-25
381|2017-04-23
381|2017-04-24
381|2017-04-25
382|2017-04-23
382|2017-04-24
382|2017-04-25
383|2017-04-23
383|2017-04-24
383|2017-04-25
384|2017-04-23
384|2017-04-24
384|2017-04-25
385|2017-04-23
385|2017-04-24
385|2017-04-25
386|2017-04-23
386|2017-04-24
386|2017-04-25
387|2017-04-23
387|2017-04-24
387|2017-04-25
388|2017-04-23
388|2017-04-24
388|2017-04-25
389|2017-04-23
389|2017-04-24
389|2017-04-25
390|2017-04-23
390|2017-04-24
390|2017-04-25
391|2017-04-23
391|2017-04-24
391|2017-04-25
392|2017-04-23
392|2017-04-24
392|2017-04-25
393|2017-04-23
393|2017-04-24
393|2017-04-25
394|2017-04-23
394|2017-04-24
394|2017-04-25
395|2017-04-23
395|2017-04-24
395|2017-04-25
396|2017-04-23
396|2017-04-24
396|2017-04-25
397|2017-04-23
397|2017-04-24
397|2017-04-25
398|2017-04-23
398|2017-04-24
398|2017-04-25
399|2017-04-23
399|2017-04-24
399|2017-04-25
400|2017-04-23
400|2017-04-24
400|2017-04-25
401|2017-04-23
401|2017-04-24
401|2017-04-25
402|2017-04-23
402|2017-04-24
402|2017-04-25
403|2017-04-23
403|2017-04-24
403|2017-04-25
404|2017-04-23
404|2017-04-24
404|2017-04-25
405|2017-04-23
405|2017-04-24
405|2017-04-25
406|2017-04-23
406|2017-04-24
406|2017-04-25
407|2017-04-23
407|2017-04-24
407|2017-04-25
408|2017-04-23
408|2017-04-24
408|2017-04-25
409|2017-04-23
409|2017-04-24
409|2017-04-25
410|2017-04-23
410|2017-04-24
410|2017-04-25
411|2017-04-23
411|2017-04-24
411|2017-04-25
412|2017-04-23
412|2017-04-24
412|2017-04-25
413|2017-04-23
413|2017-04-24
413|2017-04-25
414|2017-04-23
414|2017-04-24
414|2017-04-25
415|2017-04-23
415|2017-04-24
415|2017-04-25
416|2017-04-23
416|2017-04-24
416|2017-04-25
417|2017-04-23
417|2017-04-24
417|2017-04-25
418|2017-04-23
418|2017-04-24
418|2017-04-25
419|2017-04-23
419|2017-04-24
419|2017-04-25
420|2017-04-23
420|2017-04-24
420|2017-04-25
421|2017-04-23
421|2017-04-24
421|2017-04-25
422|2017-04-23
422|2017-04-24
422|2017-04-25
423|2017-04-23
423|2017-04-24
423|2017-04-25
424|2017-04-23
424|2017-04-24
424|2017-04-25
425|2017-04-23
425|2017-04-24
425|2017-04-25
426|2017-04-23
426|2017-04-24
426|2017-04-25
427|2017-04-23
427|2017-04-24
427|2017-04-25
428|2017-04-23
428|2017-04-24
428|2017-04-25
429|2017-04-23
429|2017-04-24
429|2017-04-25
430|2017-04-23
430|2017-04-24
430|2017-04-25
431|2017-04-23
431|2017-04-24
431|2017-04-25
432|2017-04-23
432|2017-04-24
432|2017-04-25
433|2017-04-23
433|2017-04-24
433|2017-04-25
434|2017-04-23
434|2017-04-24
434|2017-04-25
435|2017-04-23
435|2017-04-24
435|2017-04-25
436|2017-04-23
436|2017-04-24
436|2017-04-25
437|2017-04-23
437|2017-04-24
437|2017-04-25
438|2017-04-23
438|2017-04-24
438|2017-04-25
439|2017-04-23
439|2017-04-24
439|2017-04-25
440|2017-04-23
440|2017-04-24
440|2017-04-25
441|2017-04-23
441|2017-04-24
441|2017-04-25
442|2017-04-23
442|2017-04-24
442|2017-04-25
443|2017-04-23
443|2017-04-24
443|2017-04-25
444|2017-04-23
444|2017-04-24
444|2017-04-25
445|2017-04-23
445|2017-04-24
445|2017-04-25
446|2017-04-23
446|2017-04-24
446|2017-04-25
447|2017-04-23
447|2017-04-24
447|2017-04-25
448|2017-04-23
448|2017-04-24
448|2017-04-25
449|2017-04-23
449|2017-04-24
449|2017-04-25
450|2017-04-23
450|2017-04-24
450|2017-04-25
451|2017-04-23
451|2017-04-24
451|2017-04-25
452|2017-04-23
452|2017-04-24
452|2017-04-25
453|2017-04-23
453|2017-04-24
453|2017-04-25
454|2017-04-23
454|2017-04-24
454|2017-04-25
455|2017-04-23
455|2017-04-24
455|2017-04-25
456|2017-04-23
456|2017-04-24
456|2017-04-25
457|2017-04-23
457|2017-04-24
457|2017-04-25
458|2017-04-23
458|2017-04-24
458|2017-04-25
459|2017-04-23
459|2017-04-24
459|2017-04-25
460|2017-04-23
460|2017-04-24
460|2017-04-25
461|2017-04-23
461|2017-04-24
461|2017-04-25
462|2017-04-23
462|2017-04-24
462|2017-04-25
463|2017-04-23
463|2017-04-24
463|2017-04-25
464|2017-04-23
464|2017-04-24
464|2017-04-25
465|2017-04-23
465|2017-04-24
465|2017-04-25
466|2017-04-23
466|2017-04-24
466|2017-04-25
467|2017-04-23
467|2017-04-24
467|2017-04-25
468|2017-04-23
468|2017-04-24
468|2017-04-25
469|2017-04-23
469|2017-04-24
469|2017-04-25
470|2017-04-23
470|2017-04-24
470|2017-04-25
471|2017-04-23
471|2017-04-24
471|2017-04-25
472|2017-04-23
472|2017-04-24
472|2017-04-25
473|2017-04-23
473|2017-04-24
473|2017-04-25
474|2017-04-23
474|2017-04-24
474|2017-04-25
475|2017-04-23
475|2017-04-24
475|2017-04-25
476|2017-04-23
476|2017-04-24
476|2017-04-25
477|2017-04-23
477|2017-04-24
477|2017-04-25
478|2017-04-23
478|2017-04-24
478|2017-04-25
479|2017-04-23
479|2017-04-24
479|2017-04-25
480|2017-04-23
480|2017-04-24
480|2017-04-25
481|2017-04-23
481|2017-04-24
481|2017-04-25
482|2017-04-23
482|2017-04-24
482|2017-04-25
483|2017-04-23
483|2017-04-24
483|2017-04-25
484|2017-04-23
484|2017-04-24
484|2017-04-25
485|2017-04-23
485|2017-04-24
485|2017-04-25
486|2017-04-23
486|2017-04-24
486|2017-04-25
487|2017-04-23
487|2017-04-24
487|2017-04-25
488|2017-04-23
488|2017-04-24
488|2017-04-25
489|2017-04-23
489|2017-04-24
489|2017-04-25
490|2017-04-23
490|2017-04-24
490|2017-04-25
491|2017-04-23
491|2017-04-24
491|2017-04-25
492|2017-04-23
492|2017-04-24
492|2017-04-25
493|2017-04-23
493|2017-04-24
493|2017-04-25
494|2017-04-23
494|2017-04-24
494|2017-04-25
495|2017-04-23
495|2017-04-24
495|2017-04-25
496|2017-04-23
496|2017-04-24
496|2017-04-25
497|2017-04-23
497|2017-04-24
497|2017-04-25
498|2017-04-23
498|2017-04-24
498|2017-04-25
499|2017-04-23
499|2017-04-24
499|2017-04-25
500|2017-04-23
500|2017-04-24
500|2017-04-25
501|2017-04-23
501|2017-04-24
501|2017-04-25
502|2017-04-23
502|2017-04-24
502|2017-04-25
503|2017-04-23
503|2017-04-24
503|2017-04-25
504|2017-04-23
504|2017-04-24
504|2017-04-25
505|2017-04-23
505|2017-04-24
505|2017-04-25
506|2017-04-23
506|2017-04-24
506|2017-04-25
507|2017-04-23
507|2017-04-24
507|2017-04-25
508|2017-04-23
508|2017-04-24
508|2017-04-25
509|2017-04-23
509|2017-04-24
509|2017-04-25
510|2017-04-23
510|2017-04-24
510|2017-04-25
511|2017-04-23
511|2017-04-24
511|2017-04-25
512|2017-04-23
512|2017-04-24
512|2017-04-25
513|2017-04-23
513|2017-04-24
513|2017-04-25
514|2017-04-23
514|2017-04-24
514|2017-04-25
515|2017-04-23
515|2017-04-24
515|2017-04-25
516|2017-04-23
516|2017-04-24
516|2017-04-25
517|2017-04-23
517|2017-04-24
517|2017-04-25
518|2017-04-23
518|2017-04-24
518|2017-04-25
519|2017-04-23
519|2017-04-24
519|2017-04-25
520|2017-04-23
520|2017-04-24
520|2017-04-25
521|2017-04-23
521|2017-04-24
521|2017-04-25
522|2017-04-23
522|2017-04-24
522|2017-04-25
523|2017-04-23
523|2017-04-24
523|2017-04-25
524|2017-04-23
524|2017-04-24
524|2017-04-25
525|2017-04-23
525|2017-04-24
525|2017-04-25
526|2017-04-23
526|2017-04-24
526|2017-04-25
527|2017-04-23
527|2017-04-24
527|2017-04-25
528|2017-04-23
528|2017-04-24
528|2017-04-25
529|2017-04-23
529|2017-04-24
529|2017-04-25
530|2017-04-23
530|2017-04-24
530|2017-04-25
531|2017-04-23
531|2017-04-24
531|2017-04-25
532|2017-04-23
532|2017-04-24
532|2017-04-25
533|2017-04-23
533|2017-04-24
533|2017-04-25
534|2017-04-23
534|2017-04-24
534|2017-04-25
535|2017-04-23
535|2017-04-24
535|2017-04-25
536|2017-04-23
536|2017-04-24
536|2017-04-25
537|2017-04-23
537|2017-04-24
537|2017-04-25
538|2017-04-23
538|2017-04-24
538|2017-04-25
539|2017-04-23
539|2017-04-24
539|2017-04-25
540|2017-04-23
540|2017-04-24
540|2017-04-25
541|2017-04-23
541|2017-04-24
541|2017-04-25
542|2017-04-23
542|2017-04-24
542|2017-04-25
543|2017-04-23
543|2017-04-24
543|2017-04-25
544|2017-04-23
544|2017-04-24
544|2017-04-25
545|2017-04-23
545|2017-04-24
545|2017-04-25
546|2017-04-23
546|2017-04-24
546|2017-04-25
547|2017-04-23
547|2017-04-24
547|2017-04-25
548|2017-04-23
548|2017-04-24
548|2017-04-25
549|2017-04-23
549|2017-04-24
549|2017-04-25
550|2017-04-23
550|2017-04-24
550|2017-04-25
551|2017-04-23
551|2017-04-24
551|2017-04-25
552|2017-04-23
552|2017-04-24
552|2017-04-25
553|2017-04-23
553|2017-04-24
553|2017-04-25
554|2017-04-23
554|2017-04-24
554|2017-04-25
555|2017-04-23
555|2017-04-24
555|2017-04-25
556|2017-04-23
556|2017-04-24
556|2017-04-25
557|2017-04-23
557|2017-04-24
557|2017-04-25
558|2017-04-23
558|2017-04-24
558|2017-04-25
559|2017-04-23
559|2017-04-24
559|2017-04-25
560|2017-04-23
560|2017-04-24
560|2017-04-25
561|2017-04-23
561|2017-04-24
561|2017-04-25
562|2017-04-23
562|2017-04-24
562|2017-04-25
563|2017-04-23
563|2017-04-24
563|2017-04-25
564|2017-04-23
564|2017-04-24
564|2017-04-25
565|2017-04-23
565|2017-04-24
565|2017-04-25
566|2017-04-23
566|2017-04-24
566|2017-04-25
567|2017-04-23
567|2017-04-24
567|2017-04-25
568|2017-04-23
568|2017-04-24
568|2017-04-25
569|2017-04-23
569|2017-04-24
569|2017-04-25
570|2017-04-23
570|2017-04-24
570|2017-04-25
571|2017-04-23
571|2017-04-24
571|2017-04-25
572|2017-04-23
572|2017-04-24
572|2017-04-25
573|2017-04-23
573|2017-04-24
573|2017-04-25
574|2017-04-23
574|2017-04-24
574|2017-04-25
575|2017-04-23
575|2017-04-24
575|2017-04-25
576|2017-04-23
576|2017-04-24
576|2017-04-25
577|2017-04-23
577|2017-04-24
577|2017-04-25
578|2017-04-23
578|2017-04-24
578|2017-04-25
579|2017-04-23
579|2017-04-24
579|2017-04-25
580|2017-04-23
580|2017-04-24
580|2017-04-25
581|2017-04-23
581|2017-04-24
581|2017-04-25
582|2017-04-23
582|2017-04-24
582|2017-04-25
583|2017-04-23
583|2017-04-24
583|2017-04-25
584|2017-04-23
584|2017-04-24
584|2017-04-25
585|2017-04-23
585|2017-04-24
585|2017-04-25
586|2017-04-23
586|2017-04-24
586|2017-04-25
587|2017-04-23
587|2017-04-24
587|2017-04-25
588|2017-04-23
588|2017-04-24
588|2017-04-25
589|2017-04-23
589|2017-04-24
589|2017-04-25
590|2017-04-23
590|2017-04-24
590|2017-04-25
591|2017-04-23
591|2017-04-24
591|2017-04-25
592|2017-04-23
592|2017-04-24
592|2017-04-25
593|2017-04-23
593|2017-04-24
593|2017-04-25
594|2017-04-23
594|2017-04-24
594|2017-04-25
595|2017-04-23
595|2017-04-24
595|2017-04-25
596|2017-04-23
596|2017-04-24
596|2017-04-25
597|2017-04-23
597|2017-04-24
597|2017-04-25
598|2017-04-23
598|2017-04-24
598|2017-04-25
599|2017-04-23
599|2017-04-24
599|2017-04-25
600|2017-04-23
600|2017-04-24
600|2017-04-25
601|2017-04-23
601|2017-04-24
601|2017-04-25
602|2017-04-23
602|2017-04-24
602|2017-04-25
603|2017-04-23
603|2017-04-24
603|2017-04-25
604|2017-04-23
604|2017-04-24
604|2017-04-25
605|2017-04-23
605|2017-04-24
605|2017-04-25
606|2017-04-23
606|2017-04-24
606|2017-04-25
607|2017-04-23
607|2017-04-24
607|2017-04-25
608|2017-04-23
608|2017-04-24
608|2017-04-25
609|2017-04-23
609|2017-04-24
609|2017-04-25
610|2017-04-23
610|2017-04-24
610|2017-04-25
611|2017-04-23
611|2017-04-24
611|2017-04-25
612|2017-04-23
612|2017-04-24
612|2017-04-25
613|2017-04-23
613|2017-04-24
613|2017-04-25
614|2017-04-23
614|2017-04-24
614|2017-04-25
615|2017-04-23
615|2017-04-24
615|2017-04-25
616|2017-04-23
616|2017-04-24
616|2017-04-25
617|2017-04-23
617|2017-04-24
617|2017-04-25
618|2017-04-23
618|2017-04-24
618|2017-04-25
619|2017-04-23
619|2017-04-24
619|2017-04-25
620|2017-04-23
620|2017-04-24
620|2017-04-25
621|2017-04-23
621|2017-04-24
621|2017-04-25
622|2017-04-23
622|2017-04-24
622|2017-04-25
623|2017-04-23
623|2017-04-24
623|2017-04-25
624|2017-04-23
624|2017-04-24
624|2017-04-25
625|2017-04-23
625|2017-04-24
625|2017-04-25
626|2017-04-23
626|2017-04-24
626|2017-04-25
627|2017-04-23
627|2017-04-24
627|2017-04-25
628|2017-04-23
628|2017-04-24
628|2017-04-25
629|2017-04-23
629|2017-04-24
629|2017-04-25
630|2017-04-23
630|2017-04-24
630|2017-04-25
631|2017-04-23
631|2017-04-24
631|2017-04-25
632|2017-04-23
632|2017-04-24
632|2017-04-25
633|2017-04-23
633|2017-04-24
633|2017-04-25
634|2017-04-23
634|2017-04-24
634|2017-04-25
635|2017-04-23
635|2017-04-24
635|2017-04-25
636|2017-04-23
636|2017-04-24
636|2017-04-25
637|2017-04-23
637|2017-04-24
637|2017-04-25
638|2017-04-23
638|2017-04-24
638|2017-04-25
639|2017-04-23
639|2017-04-24
639|2017-04-25
640|2017-04-23
640|2017-04-24
640|2017-04-25
641|2017-04-23
641|2017-04-24
641|2017-04-25
642|2017-04-23
642|2017-04-24
642|2017-04-25
643|2017-04-23
643|2017-04-24
643|2017-04-25
644|2017-04-23
644|2017-04-24
644|2017-04-25
645|2017-04-23
645|2017-04-24
645|2017-04-25
646|2017-04-23
646|2017-04-24
646|2017-04-25
647|2017-04-23
647|2017-04-24
647|2017-04-25
648|2017-04-23
648|2017-04-24
648|2017-04-25
649|2017-04-23
649|2017-04-24
649|2017-04-25
650|2017-04-23
650|2017-04-24
650|2017-04-25
651|2017-04-23
651|2017-04-24
651|2017-04-25
652|2017-04-23
652|2017-04-24
652|2017-04-25
653|2017-04-23
653|2017-04-24
653|2017-04-25
654|2017-04-23
654|2017-04-24
654|2017-04-25
655|2017-04-23
655|2017-04-24
655|2017-04-25
656|2017-04-23
656|2017-04-24
656|2017-04-25
657|2017-04-23
657|2017-04-24
657|2017-04-25
658|2017-04-23
658|2017-04-24
658|2017-04-25
659|2017-04-23
659|2017-04-24
659|2017-04-25
660|2017-04-23
660|2017-04-24
660|2017-04-25
661|2017-04-23
661|2017-04-24
661|2017-04-25
662|2017-04-23
662|2017-04-24
662|2017-04-25
663|2017-04-23
663|2017-04-24
663|2017-04-25
664|2017-04-23
664|2017-04-24
664|2017-04-25
665|2017-04-23
665|2017-04-24
665|2017-04-25
666|2017-04-23
666|2017-04-24
666|2017-04-25
667|2017-04-23
667|2017-04-24
667|2017-04-25
668|2017-04-23
668|2017-04-24
668|2017-04-25
669|2017-04-23
669|2017-04-24
669|2017-04-25
670|2017-04-23
670|2017-04-24
670|2017-04-25
671|2017-04-23
671|2017-04-24
671|2017-04-25
672|2017-04-23
672|2017-04-24
672|2017-04-25
673|2017-04-23
673|2017-04-24
673|2017-04-25
674|2017-04-23
674|2017-04-24
674|2017-04-25
675|2017-04-23
675|2017-04-24
675|2017-04-25
676|2017-04-23
676|2017-04-24
676|2017-04-25
677|2017-04-23
677|2017-04-24
677|2017-04-25
678|2017-04-23
678|2017-04-24
678|2017-04-25
679|2017-04-23
679|2017-04-24
679|2017-04-25
680|2017-04-23
680|2017-04-24
680|2017-04-25
681|2017-04-23
681|2017-04-24
681|2017-04-25
682|2017-04-23
682|2017-04-24
682|2017-04-25
683|2017-04-23
683|2017-04-24
683|2017-04-25
684|2017-04-23
684|2017-04-24
684|2017-04-25
685|2017-04-23
685|2017-04-24
685|2017-04-25
686|2017-04-23
686|2017-04-24
686|2017-04-25
687|2017-04-23
687|2017-04-24
687|2017-04-25
688|2017-04-23
688|2017-04-24
688|2017-04-25
689|2017-04-23
689|2017-04-24
689|2017-04-25
690|2017-04-23
690|2017-04-24
690|2017-04-25
691|2017-04-23
691|2017-04-24
691|2017-04-25
692|2017-04-23
692|2017-04-24
692|2017-04-25
693|2017-04-23
693|2017-04-24
693|2017-04-25
694|2017-04-23
694|2017-04-24
694|2017-04-25
695|2017-04-23
695|2017-04-24
695|2017-04-25
696|2017-04-23
696|2017-04-24
696|2017-04-25
697|2017-04-23
697|2017-04-24
697|2017-04-25
698|2017-04-23
698|2017-04-24
698|2017-04-25
699|2017-04-23
699|2017-04-24
699|2017-04-25
700|2017-04-23
700|2017-04-24
700|2017-04-25
701|2017-04-23
701|2017-04-24
701|2017-04-25
702|2017-04-23
702|2017-04-24
702|2017-04-25
703|2017-04-23
703|2017-04-24
703|2017-04-25
704|2017-04-23
704|2017-04-24
704|2017-04-25
705|2017-04-23
705|2017-04-24
705|2017-04-25
706|2017-04-23
706|2017-04-24
706|2017-04-25
707|2017-04-23
707|2017-04-24
707|2017-04-25
708|2017-04-23
708|2017-04-24
708|2017-04-25
709|2017-04-23
709|2017-04-24
709|2017-04-25
710|2017-04-23
710|2017-04-24
710|2017-04-25
711|2017-04-23
711|2017-04-24
711|2017-04-25
712|2017-04-23
712|2017-04-24
712|2017-04-25
713|2017-04-23
713|2017-04-24
713|2017-04-25
714|2017-04-23
714|2017-04-24
714|2017-04-25
715|2017-04-23
715|2017-04-24
715|2017-04-25
716|2017-04-23
716|2017-04-24
716|2017-04-25
717|2017-04-23
717|2017-04-24
717|2017-04-25
718|2017-04-23
718|2017-04-24
718|2017-04-25
719|2017-04-23
719|2017-04-24
719|2017-04-25
720|2017-04-23
720|2017-04-24
720|2017-04-25
721|2017-04-23
721|2017-04-24
721|2017-04-25
722|2017-04-23
722|2017-04-24
722|2017-04-25
723|2017-04-23
723|2017-04-24
723|2017-04-25
724|2017-04-23
724|2017-04-24
724|2017-04-25
725|2017-04-23
725|2017-04-24
725|2017-04-25
726|2017-04-23
726|2017-04-24
726|2017-04-25
727|2017-04-23
727|2017-04-24
727|2017-04-25
728|2017-04-23
728|2017-04-24
728|2017-04-25
729|2017-04-23
729|2017-04-24
729|2017-04-25
730|2017-04-23
730|2017-04-24
730|2017-04-25
731|2017-04-23
731|2017-04-24
731|2017-04-25
732|2017-04-23
732|2017-04-24
732|2017-04-25
733|2017-04-23
733|2017-04-24
733|2017-04-25
734|2017-04-23
734|2017-04-24
734|2017-04-25
735|2017-04-23
735|2017-04-24
735|2017-04-25
736|2017-04-23
736|2017-04-24
736|2017-04-25
737|2017-04-23
737|2017-04-24
737|2017-04-25
738|2017-04-23
738|2017-04-24
738|2017-04-25
739|2017-04-23
739|2017-04-24
739|2017-04-25
740|2017-04-23
740|2017-04-24
740|2017-04-25
741|2017-04-23
741|2017-04-24
741|2017-04-25
742|2017-04-23
742|2017-04-24
742|2017-04-25
743|2017-04-23
743|2017-04-24
743|2017-04-25
744|2017-04-23
744|2017-04-24
744|2017-04-25
745|2017-04-23
745|2017-04-24
745|2017-04-25
746|2017-04-23
746|2017-04-24
746|2017-04-25
747|2017-04-23
747|2017-04-24
747|2017-04-25
748|2017-04-23
748|2017-04-24
748|2017-04-25
749|2017-04-23
749|2017-04-24
749|2017-04-25
750|2017-04-23
750|2017-04-24
750|2017-04-25
751|2017-04-23
751|2017-04-24
751|2017-04-25
752|2017-04-23
752|2017-04-24
752|2017-04-25
753|2017-04-23
753|2017-04-24
753|2017-04-25
754|2017-04-23
754|2017-04-24
754|2017-04-25
755|2017-04-23
755|2017-04-24
755|2017-04-25
756|2017-04-23
756|2017-04-24
756|2017-04-25
757|2017-04-23
757|2017-04-24
757|2017-04-25
758|2017-04-23
758|2017-04-24
758|2017-04-25
759|2017-04-23
759|2017-04-24
759|2017-04-25
760|2017-04-23
760|2017-04-24
760|2017-04-25
761|2017-04-23
761|2017-04-24
761|2017-04-25
762|2017-04-23
762|2017-04-24
762|2017-04-25
763|2017-04-23
763|2017-04-24
763|2017-04-25
764|2017-04-23
764|2017-04-24
764|2017-04-25
765|2017-04-23
765|2017-04-24
765|2017-04-25
766|2017-04-23
766|2017-04-24
766|2017-04-25
767|2017-04-23
767|2017-04-24
767|2017-04-25
768|2017-04-23
768|2017-04-24
768|2017-04-25
769|2017-04-23
769|2017-04-24
769|2017-04-25
770|2017-04-23
770|2017-04-24
770|2017-04-25
771|2017-04-23
771|2017-04-24
771|2017-04-25
772|2017-04-23
772|2017-04-24
772|2017-04-25
773|2017-04-23
773|2017-04-24
773|2017-04-25
774|2017-04-23
774|2017-04-24
774|2017-04-25
775|2017-04-23
775|2017-04-24
775|2017-04-25
776|2017-04-23
776|2017-04-24
776|2017-04-25
777|2017-04-23
777|2017-04-24
777|2017-04-25
778|2017-04-23
778|2017-04-24
778|2017-04-25
779|2017-04-23
779|2017-04-24
779|2017-04-25
780|2017-04-23
780|2017-04-24
780|2017-04-25
781|2017-04-23
781|2017-04-24
781|2017-04-25
782|2017-04-23
782|2017-04-24
782|2017-04-25
783|2017-04-23
783|2017-04-24
783|2017-04-25
784|2017-04-23
784|2017-04-24
784|2017-04-25
785|2017-04-23
785|2017-04-24
785|2017-04-25
786|2017-04-23
786|2017-04-24
786|2017-04-25
787|2017-04-23
787|2017-04-24
787|2017-04-25
788|2017-04-23
788|2017-04-24
788|2017-04-25
789|2017-04-23
789|2017-04-24
789|2017-04-25
790|2017-04-23
790|2017-04-24
790|2017-04-25
791|2017-04-23
791|2017-04-24
791|2017-04-25
792|2017-04-23
792|2017-04-24
792|2017-04-25
793|2017-04-23
793|2017-04-24
793|2017-04-25
794|2017-04-23
794|2017-04-24
794|2017-04-25
795|2017-04-23
795|2017-04-24
795|2017-04-25
796|2017-04-23
796|2017-04-24
796|2017-04-25
797|2017-04-23
797|2017-04-24
797|2017-04-25
798|2017-04-23
798|2017-04-24
798|2017-04-25
799|2017-04-23
799|2017-04-24
799|2017-04-25
800|2017-04-23
800|2017-04-24
800|2017-04-25
801|2017-04-23
801|2017-04-24
801|2017-04-25
802|2017-04-23
802|2017-04-24
802|2017-04-25
803|2017-04-23
803|2017-04-24
803|2017-04-25
804|2017-04-23
804|2017-04-24
804|2017-04-25
805|2017-04-23
805|2017-04-24
805|2017-04-25
806|2017-04-23
806|2017-04-24
806|2017-04-25
807|2017-04-23
807|2017-04-24
807|2017-04-25
808|2017-04-23
808|2017-04-24
808|2017-04-25
809|2017-04-23
809|2017-04-24
809|2017-04-25
810|2017-04-23
810|2017-04-24
810|2017-04-25
811|2017-04-23
811|2017-04-24
811|2017-04-25
812|2017-04-23
812|2017-04-24
812|2017-04-25
813|2017-04-23
813|2017-04-24
813|2017-04-25
814|2017-04-23
814|2017-04-24
814|2017-04-25
815|2017-04-23
815|2017-04-24
815|2017-04-25
816|2017-04-23
816|2017-04-24
816|2017-04-25
817|2017-04-23
817|2017-04-24
817|2017-04-25
818|2017-04-23
818|2017-04-24
818|2017-04-25
819|2017-04-23
819|2017-04-24
819|2017-04-25
820|2017-04-23
820|2017-04-24
820|2017-04-25
821|2017-04-23
821|2017-04-24
821|2017-04-25
822|2017-04-23
822|2017-04-24
822|2017-04-25
823|2017-04-23
823|2017-04-24
823|2017-04-25
824|2017-04-23
824|2017-04-24
824|2017-04-25
825|2017-04-23
825|2017-04-24
825|2017-04-25
826|2017-04-23
826|2017-04-24
826|2017-04-25
827|2017-04-23
827|2017-04-24
827|2017-04-25
828|2017-04-23
828|2017-04-24
828|2017-04-25
829|2017-04-23
829|2017-04-24
829|2017-04-25
830|2017-04-23
830|2017-04-24
830|2017-04-25
831|2017-04-23
831|2017-04-24
831|2017-04-25
832|2017-04-23
832|2017-04-24
832|2017-04-25
833|2017-04-23
833|2017-04-24
833|2017-04-25
834|2017-04-23
834|2017-04-24
834|2017-04-25
835|2017-04-23
835|2017-04-24
835|2017-04-25
836|2017-04-23
836|2017-04-24
836|2017-04-25
837|2017-04-23
837|2017-04-24
837|2017-04-25
838|2017-04-23
838|2017-04-24
838|2017-04-25
839|2017-04-23
839|2017-04-24
839|2017-04-25
840|2017-04-23
840|2017-04-24
840|2017-04-25
841|2017-04-23
841|2017-04-24
841|2017-04-25
842|2017-04-23
842|2017-04-24
842|2017-04-25
843|2017-04-23
843|2017-04-24
843|2017-04-25
844|2017-04-23
844|2017-04-24
844|2017-04-25
845|2017-04-23
845|2017-04-24
845|2017-04-25
846|2017-04-23
846|2017-04-24
846|2017-04-25
847|2017-04-23
847|2017-04-24
847|2017-04-25
848|2017-04-23
848|2017-04-24
848|2017-04-25
849|2017-04-23
849|2017-04-24
849|2017-04-25
850|2017-04-23
850|2017-04-24
850|2017-04-25
851|2017-04-23
851|2017-04-24
851|2017-04-25
852|2017-04-23
852|2017-04-24
852|2017-04-25
853|2017-04-23
853|2017-04-24
853|2017-04-25
854|2017-04-23
854|2017-04-24
854|2017-04-25
855|2017-04-23
855|2017-04-24
855|2017-04-25
856|2017-04-23
856|2017-04-24
856|2017-04-25
857|2017-04-23
857|2017-04-24
857|2017-04-25
858|2017-04-23
858|2017-04-24
858|2017-04-25
859|2017-04-23
859|2017-04-24
859|2017-04-25
860|2017-04-23
860|2017-04-24
860|2017-04-25
861|2017-04-23
861|2017-04-24
861|2017-04-25
862|2017-04-23
862|2017-04-24
862|2017-04-25
863|2017-04-23
863|2017-04-24
863|2017-04-25
864|2017-04-23
864|2017-04-24
864|2017-04-25
865|2017-04-23
865|2017-04-24
865|2017-04-25
866|2017-04-23
866|2017-04-24
866|2017-04-25
867|2017-04-23
867|2017-04-24
867|2017-04-25
868|2017-04-23
868|2017-04-24
868|2017-04-25
869|2017-04-23
869|2017-04-24
869|2017-04-25
870|2017-04-23
870|2017-04-24
870|2017-04-25
871|2017-04-23
871|2017-04-24
871|2017-04-25
872|2017-04-23
872|2017-04-24
872|2017-04-25
873|2017-04-23
873|2017-04-24
873|2017-04-25
874|2017-04-23
874|2017-04-24
874|2017-04-25
875|2017-04-23
875|2017-04-24
875|2017-04-25
876|2017-04-23
876|2017-04-24
876|2017-04-25
877|2017-04-23
877|2017-04-24
877|2017-04-25
878|2017-04-23
878|2017-04-24
878|2017-04-25
879|2017-04-23
879|2017-04-24
879|2017-04-25
880|2017-04-23
880|2017-04-24
880|2017-04-25
881|2017-04-23
881|2017-04-24
881|2017-04-25
882|2017-04-23
882|2017-04-24
882|2017-04-25
883|2017-04-23
883|2017-04-24
883|2017-04-25
884|2017-04-23
884|2017-04-24
884|2017-04-25
885|2017-04-23
885|2017-04-24
885|2017-04-25
886|2017-04-23
886|2017-04-24
886|2017-04-25
887|2017-04-23
887|2017-04-24
887|2017-04-25
888|2017-04-23
888|2017-04-24
888|2017-04-25
889|2017-04-23
889|2017-04-24
889|2017-04-25
890|2017-04-23
890|2017-04-24
890|2017-04-25
891|2017-04-23
891|2017-04-24
891|2017-04-25
892|2017-04-23
892|2017-04-24
892|2017-04-25
893|2017-04-23
893|2017-04-24
893|2017-04-25
894|2017-04-23
894|2017-04-24
894|2017-04-25
895|2017-04-23
895|2017-04-24
895|2017-04-25
896|2017-04-23
896|2017-04-24
896|2017-04-25
897|2017-04-23
897|2017-04-24
897|2017-04-25
898|2017-04-23
898|2017-04-24
898|2017-04-25
899|2017-04-23
899|2017-04-24
899|2017-04-25
900|2017-04-23
900|2017-04-24
900|2017-04-25
901|2017-04-23
901|2017-04-24
901|2017-04-25
902|2017-04-23
902|2017-04-24
902|2017-04-25
903|2017-04-23
903|2017-04-24
903|2017-04-25
904|2017-04-23
904|2017-04-24
904|2017-04-25
905|2017-04-23
905|2017-04-24
905|2017-04-25
906|2017-04-23
906|2017-04-24
906|2017-04-25
907|2017-04-23
907|2017-04-24
907|2017-04-25
908|2017-04-23
908|2017-04-24
908|2017-04-25
909|2017-04-23
909|2017-04-24
909|2017-04-25
910|2017-04-23
910|2017-04-24
910|2017-04-25
911|2017-04-23
911|2017-04-24
911|2017-04-25
912|2017-04-23
912|2017-04-24
912|2017-04-25
913|2017-04-23
913|2017-04-24
913|2017-04-25
914|2017-04-23
914|2017-04-24
914|2017-04-25
915|2017-04-23
915|2017-04-24
915|2017-04-25
916|2017-04-23
916|2017-04-24
916|2017-04-25
917|2017-04-23
917|2017-04-24
917|2017-04-25
918|2017-04-23
918|2017-04-24
918|2017-04-25
919|2017-04-23
919|2017-04-24
919|2017-04-25
920|2017-04-23
920|2017-04-24
920|2017-04-25
921|2017-04-23
921|2017-04-24
921|2017-04-25
922|2017-04-23
922|2017-04-24
922|2017-04-25
923|2017-04-23
923|2017-04-24
923|2017-04-25
924|2017-04-23
924|2017-04-24
924|2017-04-25
925|2017-04-23
925|2017-04-24
925|2017-04-25
926|2017-04-23
926|2017-04-24
926|2017-04-25
927|2017-04-23
927|2017-04-24
927|2017-04-25
928|2017-04-23
928|2017-04-24
928|2017-04-25
929|2017-04-23
929|2017-04-24
929|2017-04-25
930|2017-04-23
930|2017-04-24
930|2017-04-25
931|2017-04-23
931|2017-04-24
931|2017-04-25
932|2017-04-23
932|2017-04-24
932|2017-04-25
933|2017-04-23
933|2017-04-24
933|2017-04-25
934|2017-04-23
934|2017-04-24
934|2017-04-25
935|2017-04-23
935|2017-04-24
935|2017-04-25
936|2017-04-23
936|2017-04-24
936|2017-04-25
937|2017-04-23
937|2017-04-24
937|2017-04-25
938|2017-04-23
938|2017-04-24
938|2017-04-25
939|2017-04-23
939|2017-04-24
939|2017-04-25
940|2017-04-23
940|2017-04-24
940|2017-04-25
941|2017-04-23
941|2017-04-24
941|2017-04-25
942|2017-04-23
942|2017-04-24
942|2017-04-25
943|2017-04-23
943|2017-04-24
943|2017-04-25
944|2017-04-23
944|2017-04-24
944|2017-04-25
945|2017-04-23
945|2017-04-24
945|2017-04-25
946|2017-04-23
946|2017-04-24
946|2017-04-25
947|2017-04-23
947|2017-04-24
947|2017-04-25
948|2017-04-23
948|2017-04-24
948|2017-04-25
949|2017-04-23
949|2017-04-24
949|2017-04-25
950|2017-04-23
950|2017-04-24
950|2017-04-25
951|2017-04-23
951|2017-04-24
951|2017-04-25
952|2017-04-23
952|2017-04-24
952|2017-04-25
953|2017-04-23
953|2017-04-24
953|2017-04-25
954|2017-04-23
954|2017-04-24
954|2017-04-25
955|2017-04-23
955|2017-04-24
955|2017-04-25
956|2017-04-23
956|2017-04-24
956|2017-04-25
957|2017-04-23
957|2017-04-24
957|2017-04-25
958|2017-04-23
958|2017-04-24
958|2017-04-25
959|2017-04-23
959|2017-04-24
959|2017-04-25
960|2017-04-23
960|2017-04-24
960|2017-04-25
961|2017-04-23
961|2017-04-24
961|2017-04-25
962|2017-04-23
962|2017-04-24
962|2017-04-25
963|2017-04-23
963|2017-04-24
963|2017-04-25
964|2017-04-23
964|2017-04-24
964|2017-04-25
965|2017-04-23
965|2017-04-24
965|2017-04-25
966|2017-04-23
966|2017-04-24
966|2017-04-25
967|2017-04-23
967|2017-04-24
967|2017-04-25
968|2017-04-23
968|2017-04-24
968|2017-04-25
969|2017-04-23
969|2017-04-24
969|2017-04-25
970|2017-04-23
970|2017-04-24
970|2017-04-25
971|2017-04-23
971|2017-04-24
971|2017-04-25
972|2017-04-23
972|2017-04-24
972|2017-04-25
973|2017-04-23
973|2017-04-24
973|2017-04-25
974|2017-04-23
974|2017-04-24
974|2017-04-25
975|2017-04-23
975|2017-04-24
975|2017-04-25
976|2017-04-23
976|2017-04-24
976|2017-04-25
977|2017-04-23
977|2017-04-24
977|2017-04-25
978|2017-04-23
978|2017-04-24
978|2017-04-25
979|2017-04-23
979|2017-04-24
979|2017-04-25
980|2017-04-23
980|2017-04-24
980|2017-04-25
981|2017-04-23
981|2017-04-24
981|2017-04-25
982|2017-04-23
982|2017-04-24
982|2017-04-25
983|2017-04-23
983|2017-04-24
983|2017-04-25
984|2017-04-23
984|2017-04-24
984|2017-04-25
985|2017-04-23
985|2017-04-24
985|2017-04-25
986|2017-04-23
986|2017-04-24
986|2017-04-25
987|2017-04-23
987|2017-04-24
987|2017-04-25
988|2017-04-23
988|2017-04-24
988|2017-04-25
989|2017-04-23
989|2017-04-24
989|2017-04-25
990|2017-04-23
990|2017-04-24
990|2017-04-25
991|2017-04-23
991|2017-04-24
991|2017-04-25
992|2017-04-23
992|2017-04-24
992|2017-04-25
993|2017-04-23
993|2017-04-24
993|2017-04-25
994|2017-04-23
994|2017-04-24
994|2017-04-25
995|2017-04-23
995|2017-04-24
995|2017-04-25
996|2017-04-23
996|2017-04-24
996|2017-04-25
997|2017-04-23
997|2017-04-24
997|2017-04-25
998|2017-04-23
998|2017-04-24
998|2017-04-25
999|2017-04-23
999|2017-04-24
999|2017-04-25
